book_downurl,book_name,book_url,file_url
http://www.zxcs.me/download.php?id=12154,《开启黑科技时代》（校对版全本）作者：胖大福,http://www.zxcs.me/post/12154,"http://185.163.45.196/22/kqhkj,pdf.rar"
http://www.zxcs.me/download.php?id=12156,《重生之完美未来》（校对版全本）作者：赵家浮生,http://www.zxcs.me/post/12156,"http://185.163.45.196/22/cszwmwl,zjfs.rar"
http://www.zxcs.me/download.php?id=12132,《返回2006》（校对版全本）作者：木子心,http://www.zxcs.me/post/12132,"http://185.163.45.196/22/fh2006,mzx.rar"
http://www.zxcs.me/download.php?id=12142,《一世兵王》（校对版全本）作者：我本疯狂,http://www.zxcs.me/post/12142,"http://185.163.45.196/22/ysbw,wbfk.rar"
http://www.zxcs.me/download.php?id=12124,《我是勤行第一人》（校对版全本）作者：光暗之心,http://www.zxcs.me/post/12124,"http://185.163.45.196/22/wszxdyr,gazx.rar"
http://www.zxcs.me/download.php?id=12121,《都市绝品仙医》（校对版全本）作者：MP3,http://www.zxcs.me/post/12121,"http://185.163.45.196/22/dsjpxy,MP3.rar"
http://www.zxcs.me/download.php?id=12172,《都市超级高手》（校对版全本）作者：赤焰圣歌,http://www.zxcs.me/post/12172,"http://185.163.45.196/22/dscjgs,cysg.rar"
http://www.zxcs.me/download.php?id=12161,《生活系游戏》（校对版全本）作者：吨吨吨吨吨,http://www.zxcs.me/post/12161,"http://185.163.45.196/22/shxyx,ddd.rar"
http://www.zxcs.me/download.php?id=12162,《猛兽直播间》（校对版全本）作者：廖不十,http://www.zxcs.me/post/12162,"http://185.163.45.196/22/mszbj,lbs.rar"
http://www.zxcs.me/download.php?id=12130,《我要做阎罗》（校对版全本）作者：厄夜怪客,http://www.zxcs.me/post/12130,"http://185.163.45.196/22/wyzyl,eygk.rar"
http://www.zxcs.me/download.php?id=12147,《从文抄公到全大陆巨星》（校对版全本）作者：一蓑烟鱼2,http://www.zxcs.me/post/12147,"http://185.163.45.196/22/cwcgddljx,yy2.rar"
http://www.zxcs.me/download.php?id=12151,《悠闲乡村直播间》（校对版全本）作者：名窑,http://www.zxcs.me/post/12151,"http://185.163.45.196/22/xczbj,my.rar"
http://www.zxcs.me/download.php?id=12168,《恋战新梦》（校对版全本）作者：胖子爱吃炖豆角,http://www.zxcs.me/post/12168,"http://185.163.45.196/22/lzxm,pzacdd.rar"
http://www.zxcs.me/download.php?id=12114,《从观众席走向娱乐圈》（校对版全本）作者：杯盏长生酒,http://www.zxcs.me/post/12114,"http://185.163.45.196/21/gzxzxylq,csj.rar"
http://www.zxcs.me/download.php?id=12110,《从收租开始当大佬》（校对版全本）作者：欢颜笑语,http://www.zxcs.me/post/12110,"http://185.163.45.196/21/csksdddl,hyxy.rar"
book_downurl,book_name,book_url,file_url
http://www.zxcs.me/download.php?id=12114,《从观众席走向娱乐圈》,http://www.zxcs.me/post/12114,"http://185.163.45.196/21/gzxzxylq,csj.rar"
http://www.zxcs.me/download.php?id=12121,《都市绝品仙医》,http://www.zxcs.me/post/12121,"http://185.163.45.196/22/dsjpxy,MP3.rar"
http://www.zxcs.me/download.php?id=12154,《开启黑科技时代》,http://www.zxcs.me/post/12154,"http://185.163.45.196/22/kqhkj,pdf.rar"
http://www.zxcs.me/download.php?id=12132,《返回2006》,http://www.zxcs.me/post/12132,"http://185.163.45.196/22/fh2006,mzx.rar"
http://www.zxcs.me/download.php?id=12156,《重生之完美未来》,http://www.zxcs.me/post/12156,"http://185.163.45.196/22/cszwmwl,zjfs.rar"
http://www.zxcs.me/download.php?id=12151,《悠闲乡村直播间》,http://www.zxcs.me/post/12151,"http://185.163.45.196/22/xczbj,my.rar"
http://www.zxcs.me/download.php?id=12162,《猛兽直播间》,http://www.zxcs.me/post/12162,"http://185.163.45.196/22/mszbj,lbs.rar"
http://www.zxcs.me/download.php?id=12168,《恋战新梦》,http://www.zxcs.me/post/12168,"http://185.163.45.196/22/lzxm,pzacdd.rar"
http://www.zxcs.me/download.php?id=12142,《一世兵王》,http://www.zxcs.me/post/12142,"http://185.163.45.196/22/ysbw,wbfk.rar"
http://www.zxcs.me/download.php?id=12172,《都市超级高手》,http://www.zxcs.me/post/12172,"http://185.163.45.196/22/dscjgs,cysg.rar"
http://www.zxcs.me/download.php?id=12124,《我是勤行第一人》,http://www.zxcs.me/post/12124,"http://185.163.45.196/22/wszxdyr,gazx.rar"
http://www.zxcs.me/download.php?id=12110,《从收租开始当大佬》,http://www.zxcs.me/post/12110,"http://185.163.45.196/21/csksdddl,hyxy.rar"
http://www.zxcs.me/download.php?id=12147,《从文抄公到全大陆巨星》,http://www.zxcs.me/post/12147,"http://185.163.45.196/22/cwcgddljx,yy2.rar"
http://www.zxcs.me/download.php?id=12130,《我要做阎罗》,http://www.zxcs.me/post/12130,"http://185.163.45.196/22/wyzyl,eygk.rar"
http://www.zxcs.me/download.php?id=12161,《生活系游戏》,http://www.zxcs.me/post/12161,"http://185.163.45.196/22/shxyx,ddd.rar"
book_downurl,book_name,book_url,file_url
http://www.zxcs.me/download.php?id=12110,从收租开始当大佬,http://www.zxcs.me/post/12110,"http://185.163.45.196/21/csksdddl,hyxy.rar"
http://www.zxcs.me/download.php?id=12114,从观众席走向娱乐圈,http://www.zxcs.me/post/12114,"http://185.163.45.196/21/gzxzxylq,csj.rar"
http://www.zxcs.me/download.php?id=12121,都市绝品仙医,http://www.zxcs.me/post/12121,"http://185.163.45.196/22/dsjpxy,MP3.rar"
http://www.zxcs.me/download.php?id=12124,我是勤行第一人,http://www.zxcs.me/post/12124,"http://185.163.45.196/22/wszxdyr,gazx.rar"
http://www.zxcs.me/download.php?id=12130,我要做阎罗,http://www.zxcs.me/post/12130,"http://185.163.45.196/22/wyzyl,eygk.rar"
http://www.zxcs.me/download.php?id=12132,返回2006,http://www.zxcs.me/post/12132,"http://185.163.45.196/22/fh2006,mzx.rar"
http://www.zxcs.me/download.php?id=12142,一世兵王,http://www.zxcs.me/post/12142,"http://185.163.45.196/22/ysbw,wbfk.rar"
http://www.zxcs.me/download.php?id=12147,从文抄公到全大陆巨星,http://www.zxcs.me/post/12147,"http://185.163.45.196/22/cwcgddljx,yy2.rar"
http://www.zxcs.me/download.php?id=12151,悠闲乡村直播间,http://www.zxcs.me/post/12151,"http://185.163.45.196/22/xczbj,my.rar"
http://www.zxcs.me/download.php?id=12154,开启黑科技时代,http://www.zxcs.me/post/12154,"http://185.163.45.196/22/kqhkj,pdf.rar"
http://www.zxcs.me/download.php?id=12156,重生之完美未来,http://www.zxcs.me/post/12156,"http://185.163.45.196/22/cszwmwl,zjfs.rar"
http://www.zxcs.me/download.php?id=12161,生活系游戏,http://www.zxcs.me/post/12161,"http://185.163.45.196/22/shxyx,ddd.rar"
http://www.zxcs.me/download.php?id=12162,猛兽直播间,http://www.zxcs.me/post/12162,"http://185.163.45.196/22/mszbj,lbs.rar"
http://www.zxcs.me/download.php?id=12168,恋战新梦,http://www.zxcs.me/post/12168,"http://185.163.45.196/22/lzxm,pzacdd.rar"
http://www.zxcs.me/download.php?id=12172,都市超级高手,http://www.zxcs.me/post/12172,"http://185.163.45.196/22/dscjgs,cysg.rar"
